{
    "name": "root",
    "metadata": {
        "timer_format_version": "0.1.0",
        "start_time_seconds": "1700408111",
        "python_version": "3.9.17 (main, Jul  5 2023, 20:47:11) [MSC v.1916 64 bit (AMD64)]",
        "command_line_arguments": "\\\\?\\C:\\Users\\nikit\\.conda\\envs\\mlagents20\\Scripts\\mlagents-learn --run-id=Test@19Nov21_05",
        "mlagents_version": "0.30.0",
        "mlagents_envs_version": "0.30.0",
        "communication_protocol_version": "1.5.0",
        "pytorch_version": "2.0.1+cu118",
        "numpy_version": "1.21.2",
        "end_time_seconds": "1700408322"
    },
    "total": 210.9185534,
    "count": 1,
    "self": 0.004291099999989001,
    "children": {
        "run_training.setup": {
            "total": 0.01087769999999999,
            "count": 1,
            "self": 0.01087769999999999
        },
        "TrainerController.start_learning": {
            "total": 210.9033846,
            "count": 1,
            "self": 0.2349004000001571,
            "children": {
                "TrainerController._reset_env": {
                    "total": 5.3564912,
                    "count": 1,
                    "self": 5.3564912
                },
                "TrainerController.advance": {
                    "total": 205.24441599999986,
                    "count": 19254,
                    "self": 0.21738620000144238,
                    "children": {
                        "env_step": {
                            "total": 202.81185049999976,
                            "count": 19254,
                            "self": 172.0668066000034,
                            "children": {
                                "SubprocessEnvManager._take_step": {
                                    "total": 30.585131399999145,
                                    "count": 19254,
                                    "self": 0.5773207999991818,
                                    "children": {
                                        "TorchPolicy.evaluate": {
                                            "total": 30.007810599999964,
                                            "count": 19219,
                                            "self": 30.007810599999964
                                        }
                                    }
                                },
                                "workers": {
                                    "total": 0.159912499997235,
                                    "count": 19253,
                                    "self": 0.0,
                                    "children": {
                                        "worker_root": {
                                            "total": 202.81807400000054,
                                            "count": 19253,
                                            "is_parallel": true,
                                            "self": 44.42377700000125,
                                            "children": {
                                                "steps_from_proto": {
                                                    "total": 0.00023030000000012762,
                                                    "count": 1,
                                                    "is_parallel": true,
                                                    "self": 0.00011280000000013501,
                                                    "children": {
                                                        "_process_rank_one_or_two_observation": {
                                                            "total": 0.00011749999999999261,
                                                            "count": 2,
                                                            "is_parallel": true,
                                                            "self": 0.00011749999999999261
                                                        }
                                                    }
                                                },
                                                "UnityEnvironment.step": {
                                                    "total": 158.39406669999929,
                                                    "count": 19253,
                                                    "is_parallel": true,
                                                    "self": 0.7898201999976209,
                                                    "children": {
                                                        "UnityEnvironment._generate_step_input": {
                                                            "total": 0.7709590999996285,
                                                            "count": 19253,
                                                            "is_parallel": true,
                                                            "self": 0.7709590999996285
                                                        },
                                                        "communicator.exchange": {
                                                            "total": 154.38221040000113,
                                                            "count": 19253,
                                                            "is_parallel": true,
                                                            "self": 154.38221040000113
                                                        },
                                                        "steps_from_proto": {
                                                            "total": 2.4510770000009066,
                                                            "count": 19253,
                                                            "is_parallel": true,
                                                            "self": 1.4707812999995928,
                                                            "children": {
                                                                "_process_rank_one_or_two_observation": {
                                                                    "total": 0.9802957000013137,
                                                                    "count": 38506,
                                                                    "is_parallel": true,
                                                                    "self": 0.9802957000013137
                                                                }
                                                            }
                                                        }
                                                    }
                                                }
                                            }
                                        }
                                    }
                                }
                            }
                        },
                        "trainer_advance": {
                            "total": 2.2151792999986597,
                            "count": 19253,
                            "self": 0.30604759999875775,
                            "children": {
                                "process_trajectory": {
                                    "total": 0.9754710999999059,
                                    "count": 19253,
                                    "self": 0.9754710999999059
                                },
                                "_update_policy": {
                                    "total": 0.9336605999999961,
                                    "count": 1,
                                    "self": 0.7416496000000308,
                                    "children": {
                                        "TorchPPOOptimizer.update": {
                                            "total": 0.1920109999999653,
                                            "count": 30,