{
    "name": "root",
    "metadata": {
        "timer_format_version": "0.1.0",
        "start_time_seconds": "1699872820",
        "python_version": "3.9.17 (main, Jul  5 2023, 20:47:11) [MSC v.1916 64 bit (AMD64)]",
        "command_line_arguments": "\\\\?\\C:\\Users\\nikit\\.conda\\envs\\mlagents20\\Scripts\\mlagents-learn --run-id=Test@13Nov16_23",
        "mlagents_version": "0.30.0",
        "mlagents_envs_version": "0.30.0",
        "communication_protocol_version": "1.5.0",
        "pytorch_version": "2.0.1+cu118",
        "numpy_version": "1.21.2",
        "end_time_seconds": "1699872843"
    },
    "total": 22.4365587,
    "count": 1,
    "self": 0.0033756999999994264,
    "children": {
        "run_training.setup": {
            "total": 0.010775100000000037,
            "count": 1,
            "self": 0.010775100000000037
        },
        "TrainerController.start_learning": {
            "total": 22.4224079,
            "count": 1,
            "self": 0.01581630000003642,
            "children": {
                "TrainerController._reset_env": {
                    "total": 5.7095472,
                    "count": 1,
                    "self": 5.7095472
                },
                "TrainerController.advance": {
                    "total": 16.618728899999965,
                    "count": 1188,
                    "self": 0.014672799999996045,
                    "children": {
                        "env_step": {
                            "total": 16.523687799999983,
                            "count": 1188,
                            "self": 13.41129089999998,
                            "children": {
                                "SubprocessEnvManager._take_step": {
                                    "total": 3.1024007000000138,
                                    "count": 1188,
                                    "self": 0.038954699999995235,
                                    "children": {
                                        "TorchPolicy.evaluate": {
                                            "total": 3.0634460000000185,
                                            "count": 1188,
                                            "self": 3.0634460000000185
                                        }
                                    }
                                },
                                "workers": {
                                    "total": 0.00999619999998913,
                                    "count": 1187,
                                    "self": 0.0,
                                    "children": {
                                        "worker_root": {
                                            "total": 16.496788900000027,
                                            "count": 1187,
                                            "is_parallel": true,
                                            "self": 4.7951935000000265,
                                            "children": {
                                                "steps_from_proto": {
                                                    "total": 0.0002393999999998897,
                                                    "count": 1,
                                                    "is_parallel": true,
                                                    "self": 0.00011779999999994573,
                                                    "children": {
                                                        "_process_rank_one_or_two_observation": {
                                                            "total": 0.00012159999999994398,
                                                            "count": 2,
                                                            "is_parallel": true,
                                                            "self": 0.00012159999999994398
                                                        }
                                                    }
                                                },
                                                "UnityEnvironment.step": {
                                                    "total": 11.701356,
                                                    "count": 1187,
                                                    "is_parallel": true,
                                                    "self": 0.060235699999953596,
                                                    "children": {
                                                        "UnityEnvironment._generate_step_input": {
                                                            "total": 0.05383680000000712,
                                                            "count": 1187,
                                                            "is_parallel": true,
                                                            "self": 0.05383680000000712
                                                        },
                                                        "communicator.exchange": {
                                                            "total": 11.391075799999992,
                                                            "count": 1187,
                                                            "is_parallel": true,
                                                            "self": 11.391075799999992
                                                        },
                                                        "steps_from_proto": {
                                                            "total": 0.1962077000000475,
                                                            "count": 1187,
                                                            "is_parallel": true,
                                                            "self": 0.11226290000009698,
                                                            "children": {
                                                                "_process_rank_one_or_two_observation": {
                                                                    "total": 0.08394479999995053,
                                                                    "count": 2374,
                                                                    "is_parallel": true,
                                                                    "self": 0.08394479999995053
                                                                }
                                                            }
                                                        }
                                                    }
                                                }
                                            }
                                        }
                                    }
                                }
                            }
                        },
                        "trainer_advance": {
                            "total": 0.08036829999998574,
                            "count": 1187,
                            "self": 0.020173199999961255,
                            "children": {
                                "process_trajectory": {
                                    "total": 0.06019510000002448,
                                    "count": 1187,
                                    "self": 0.06019510000002448
                                }
                            }
                        }
                    }
                },
                "trainer_threads": {
                    "total": 7.999999986907369e-07,
                    "count": 1,
                    "self": 7.999999986907369e-07
                },
                "TrainerController._save_models": {
                    "total": 0.07831469999999996,
                    "count": 1,
                    "self": 0.004978099999998875,