{
    "name": "root",
    "metadata": {
        "timer_format_version": "0.1.0",
        "start_time_seconds": "1699701700",
        "python_version": "3.9.17 (main, Jul  5 2023, 20:47:11) [MSC v.1916 64 bit (AMD64)]",
        "command_line_arguments": "\\\\?\\C:\\Users\\nikit\\.conda\\envs\\mlagents20\\Scripts\\mlagents-learn --force",
        "mlagents_version": "0.30.0",
        "mlagents_envs_version": "0.30.0",
        "communication_protocol_version": "1.5.0",
        "pytorch_version": "2.0.1+cu118",
        "numpy_version": "1.21.2",
        "end_time_seconds": "1699701729"
    },
    "total": 29.361027999999997,
    "count": 1,
    "self": 0.0035573999999982675,
    "children": {
        "run_training.setup": {
            "total": 0.009650200000000053,
            "count": 1,
            "self": 0.009650200000000053
        },
        "TrainerController.start_learning": {
            "total": 29.3478204,
            "count": 1,
            "self": 0.015693500000022453,
            "children": {
                "TrainerController._reset_env": {
                    "total": 8.308277700000001,
                    "count": 1,
                    "self": 8.308277700000001
                },
                "TrainerController.advance": {
                    "total": 20.960131399999977,
                    "count": 1236,
                    "self": 0.012210799999980537,
                    "children": {
                        "env_step": {
                            "total": 20.874763499999997,
                            "count": 1236,
                            "self": 18.179447600000135,
                            "children": {
                                "SubprocessEnvManager._take_step": {
                                    "total": 2.685525699999964,
                                    "count": 1236,
                                    "self": 0.037226499999935214,
                                    "children": {
                                        "TorchPolicy.evaluate": {
                                            "total": 2.6482992000000287,
                                            "count": 1235,
                                            "self": 2.6482992000000287
                                        }
                                    }
                                },
                                "workers": {
                                    "total": 0.009790199999898164,
                                    "count": 1235,
                                    "self": 0.0,
                                    "children": {
                                        "worker_root": {
                                            "total": 17.697984900000023,
                                            "count": 1235,
                                            "is_parallel": true,
                                            "self": 4.896952100000018,
                                            "children": {
                                                "steps_from_proto": {
                                                    "total": 0.00023079999999975342,
                                                    "count": 1,
                                                    "is_parallel": true,
                                                    "self": 0.00011170000000060298,
                                                    "children": {
                                                        "_process_rank_one_or_two_observation": {
                                                            "total": 0.00011909999999915044,
                                                            "count": 2,
                                                            "is_parallel": true,
                                                            "self": 0.00011909999999915044
                                                        }
                                                    }
                                                },
                                                "UnityEnvironment.step": {
                                                    "total": 12.800802000000006,
                                                    "count": 1235,
                                                    "is_parallel": true,
                                                    "self": 0.06415460000008721,
                                                    "children": {
                                                        "UnityEnvironment._generate_step_input": {
                                                            "total": 0.056617599999912116,
                                                            "count": 1235,
                                                            "is_parallel": true,
                                                            "self": 0.056617599999912116
                                                        },
                                                        "communicator.exchange": {
                                                            "total": 12.494211900000062,
                                                            "count": 1235,
                                                            "is_parallel": true,
                                                            "self": 12.494211900000062
                                                        },
                                                        "steps_from_proto": {
                                                            "total": 0.1858178999999449,
                                                            "count": 1235,
                                                            "is_parallel": true,
                                                            "self": 0.10994439999990924,
                                                            "children": {
                                                                "_process_rank_one_or_two_observation": {
                                                                    "total": 0.07587350000003568,
                                                                    "count": 2470,
                                                                    "is_parallel": true,
                                                                    "self": 0.07587350000003568
                                                                }
                                                            }
                                                        }
                                                    }
                                                }
                                            }
                                        }
                                    }
                                }
                            }
                        },
                        "trainer_advance": {
                            "total": 0.07315710000000131,
                            "count": 1235,
                            "self": 0.019401799999970493,
                            "children": {
                                "process_trajectory": {
                                    "total": 0.053755300000030815,
                                    "count": 1235,
                                    "self": 0.053755300000030815
                                }
                            }
                        }
                    }
                },
                "trainer_threads": {
                    "total": 7.000000010748408e-07,
                    "count": 1,
                    "self": 7.000000010748408e-07
                },
                "TrainerController._save_models": {
                    "total": 0.06371709999999808,
                    "count": 1,
                    "self": 0.007541199999998582,