{
    "name": "root",
    "metadata": {
        "timer_format_version": "0.1.0",
        "start_time_seconds": "1699867552",
        "python_version": "3.9.17 (main, Jul  5 2023, 20:47:11) [MSC v.1916 64 bit (AMD64)]",
        "command_line_arguments": "\\\\?\\C:\\Users\\nikit\\.conda\\envs\\mlagents20\\Scripts\\mlagents-learn --force",
        "mlagents_version": "0.30.0",
        "mlagents_envs_version": "0.30.0",
        "communication_protocol_version": "1.5.0",
        "pytorch_version": "2.0.1+cu118",
        "numpy_version": "1.21.2",
        "end_time_seconds": "1699867573"
    },
    "total": 21.032422200000003,
    "count": 1,
    "self": 0.0033689000000016733,
    "children": {
        "run_training.setup": {
            "total": 0.010655099999999917,
            "count": 1,
            "self": 0.010655099999999917
        },
        "TrainerController.start_learning": {
            "total": 21.0183982,
            "count": 1,
            "self": 0.008727899999982469,
            "children": {
                "TrainerController._reset_env": {
                    "total": 9.132329200000001,
                    "count": 1,
                    "self": 9.132329200000001
                },
                "TrainerController.advance": {
                    "total": 11.811598800000016,
                    "count": 618,
                    "self": 0.00695519999998595,
                    "children": {
                        "env_step": {
                            "total": 11.765234400000018,
                            "count": 618,
                            "self": 9.863863600000057,
                            "children": {
                                "SubprocessEnvManager._take_step": {
                                    "total": 1.8962195999999611,
                                    "count": 618,
                                    "self": 0.021459699999988757,
                                    "children": {
                                        "TorchPolicy.evaluate": {
                                            "total": 1.8747598999999724,
                                            "count": 618,
                                            "self": 1.8747598999999724
                                        }
                                    }
                                },
                                "workers": {
                                    "total": 0.0051512000000002445,
                                    "count": 617,
                                    "self": 0.0,
                                    "children": {
                                        "worker_root": {
                                            "total": 9.180548399999987,
                                            "count": 617,
                                            "is_parallel": true,
                                            "self": 3.3156454000000064,
                                            "children": {
                                                "steps_from_proto": {
                                                    "total": 0.000320500000000834,
                                                    "count": 1,
                                                    "is_parallel": true,
                                                    "self": 0.00016839999999795907,
                                                    "children": {
                                                        "_process_rank_one_or_two_observation": {
                                                            "total": 0.00015210000000287494,
                                                            "count": 2,
                                                            "is_parallel": true,
                                                            "self": 0.00015210000000287494
                                                        }
                                                    }
                                                },
                                                "UnityEnvironment.step": {
                                                    "total": 5.86458249999998,
                                                    "count": 617,
                                                    "is_parallel": true,
                                                    "self": 0.032585600000057724,
                                                    "children": {
                                                        "UnityEnvironment._generate_step_input": {
                                                            "total": 0.029184899999965097,
                                                            "count": 617,
                                                            "is_parallel": true,
                                                            "self": 0.029184899999965097
                                                        },
                                                        "communicator.exchange": {
                                                            "total": 5.696146599999951,
                                                            "count": 617,
                                                            "is_parallel": true,
                                                            "self": 5.696146599999951
                                                        },
                                                        "steps_from_proto": {
                                                            "total": 0.10666540000000602,
                                                            "count": 617,
                                                            "is_parallel": true,
                                                            "self": 0.06073159999998623,
                                                            "children": {
                                                                "_process_rank_one_or_two_observation": {
                                                                    "total": 0.04593380000001979,
                                                                    "count": 1234,
                                                                    "is_parallel": true,
                                                                    "self": 0.04593380000001979
                                                                }
                                                            }
                                                        }
                                                    }
                                                }
                                            }
                                        }
                                    }
                                }
                            }
                        },
                        "trainer_advance": {
                            "total": 0.039409200000012135,
                            "count": 617,
                            "self": 0.011272300000085167,
                            "children": {
                                "process_trajectory": {
                                    "total": 0.028136899999926968,
                                    "count": 617,
                                    "self": 0.028136899999926968
                                }
                            }
                        }
                    }
                },
                "trainer_threads": {
                    "total": 5.999999999062311e-07,
                    "count": 1,
                    "self": 5.999999999062311e-07
                },
                "TrainerController._save_models": {
                    "total": 0.06574170000000024,
                    "count": 1,
                    "self": 0.005696600000000274,